{
    "step": 0,
    "train": {
        "loss": 1.0169442892074585,
        "accuracy": 0.7491313815116882
    },
    "eval": {
        "loss": 0.9187673330307007,
        "accuracy": 0.7538813352584839
    }
}