{
    "step": 0,
    "train": {
        "loss": 1.2352440357208252,
        "accuracy": 0.7306588888168335
    },
    "eval": {
        "loss": 1.0707509517669678,
        "accuracy": 0.7134830355644226
    }
}