{
    "step": 0,
    "train": {
        "loss": 1.163530707359314,
        "accuracy": 0.7369893789291382
    },
    "eval": {
        "loss": 1.1221470832824707,
        "accuracy": 0.7161610126495361
    }
}