{
    "step": 0,
    "train": {
        "loss": 1.2513142824172974,
        "accuracy": 0.731637716293335
    },
    "eval": {
        "loss": 1.1367000341415405,
        "accuracy": 0.7081271409988403
    }
}