{
    "step": 0,
    "train": {
        "loss": 1.295078992843628,
        "accuracy": 0.7249088883399963
    },
    "eval": {
        "loss": 1.249112606048584,
        "accuracy": 0.71172034740448
    }
}