{
    "step": 0,
    "train": {
        "loss": 0.9912700653076172,
        "accuracy": 0.7568601965904236
    },
    "eval": {
        "loss": 0.8477651476860046,
        "accuracy": 0.7617457509040833
    }
}