{
    "step": 0,
    "train": {
        "loss": 1.1469186544418335,
        "accuracy": 0.7364152669906616
    },
    "eval": {
        "loss": 1.03328275680542,
        "accuracy": 0.7088983058929443
    }
}