{
    "step": 0,
    "train": {
        "loss": 1.1213366985321045,
        "accuracy": 0.7389004230499268
    },
    "eval": {
        "loss": 0.9956151247024536,
        "accuracy": 0.7295084595680237
    }
}