{
    "step": 6,
    "train": {
        "loss": 0.12079301476478577,
        "accuracy": 0.9629451632499695
    },
    "eval": {
        "loss": 0.1197148784995079,
        "accuracy": 0.9633475542068481
    }
}