{
    "step": 0,
    "train": {
        "loss": 1.041769027709961,
        "accuracy": 0.7517351508140564
    },
    "eval": {
        "loss": 0.8912486433982849,
        "accuracy": 0.7632372975349426
    }
}