step	eval/accuracy
0	0.7082881331443787
1	0.7246695160865784
2	0.7364068031311035
3	0.7692203521728516
4	0.7819576263427734
5	0.7834321856498718
6	0.7945254445075989
7	0.8038220405578613
8	0.8068305253982544
9	0.816008448600769
