step	eval/accuracy
0	0.948383629322052
1	0.9581621289253235
