step	eval/accuracy
0	0.7077796459197998
1	0.7202711701393127
2	0.7453135848045349
3	0.7649152278900146
4	0.7775169610977173
5	0.7833728790283203
6	0.7955932021141052
7	0.7938559055328369
8	0.8048898577690125
9	0.8133559226989746
