step	eval/loss
0	1.0981025695800781
1	0.9903513789176941
2	0.9098734855651855
3	0.8155409097671509
4	0.7659039497375488
5	0.7329102754592896
6	0.6854008436203003
7	0.6871331334114075
8	0.6587548851966858
9	0.6301294565200806
