step	eval/loss
0	1.110522985458374
1	0.991676390171051
2	0.9097167253494263
3	0.8035072684288025
4	0.7578229308128357
5	0.7310051918029785
6	0.7003552913665771
7	0.668844997882843
8	0.6472121477127075
9	0.6268537044525146
