step	eval/loss
0	0.17284147441387177
1	0.13817009329795837
