{
    "train": {
        "step": {
            "loss": 0.404496431350708,
            "acc": 0.8778409361839294
        },
        "epoch": {
            "loss": 0.42420798540115356,
            "acc": 0.8734233379364014
        }
    },
    "epoch": 4,
    "step": 834,
    "val": {
        "step": {
            "loss": 0.45278608798980713,
            "acc": 0.8634334206581116
        },
        "epoch": {
            "loss": 0.4281044900417328,
            "acc": 0.8727825284004211
        }
    }
}