{
    "train": {
        "step": {
            "loss": 0.32921817898750305,
            "acc": 0.9001623392105103
        },
        "epoch": {
            "loss": 0.34479543566703796,
            "acc": 0.8945177793502808
        }
    },
    "epoch": 4,
    "step": 834,
    "val": {
        "step": {
            "loss": 0.38808149099349976,
            "acc": 0.8829139471054077
        },
        "epoch": {
            "loss": 0.35571789741516113,
            "acc": 0.892227292060852
        }
    }
}