{
    "train": {
        "step": {
            "loss": 0.36258140206336975,
            "acc": 0.888798713684082
        },
        "epoch": {
            "loss": 0.37732023000717163,
            "acc": 0.8859984874725342
        }
    },
    "epoch": 4,
    "step": 834,
    "val": {
        "step": {
            "loss": 0.41241756081581116,
            "acc": 0.8729707598686218
        },
        "epoch": {
            "loss": 0.38224008679389954,
            "acc": 0.8855907917022705
        }
    }
}