{
    "train": {
        "step": {
            "loss": 0.3861831724643707,
            "acc": 0.8843344449996948
        },
        "epoch": {
            "loss": 0.4007968008518219,
            "acc": 0.8789796829223633
        }
    },
    "epoch": 4,
    "step": 834,
    "val": {
        "step": {
            "loss": 0.4271257519721985,
            "acc": 0.8672889471054077
        },
        "epoch": {
            "loss": 0.4041893482208252,
            "acc": 0.8791136145591736
        }
    }
}