{
    "train": {
        "step": {
            "loss": 0.35246050357818604,
            "acc": 0.8933982849121094
        },
        "epoch": {
            "loss": 0.37215670943260193,
            "acc": 0.8874701857566833
        }
    },
    "epoch": 4,
    "step": 834,
    "val": {
        "step": {
            "loss": 0.4109530448913574,
            "acc": 0.8770292401313782
        },
        "epoch": {
            "loss": 0.37923961877822876,
            "acc": 0.8868151307106018
        }
    }
}