{
    "train": {
        "step": {
            "loss": 0.33946430683135986,
            "acc": 0.896239161491394
        },
        "epoch": {
            "loss": 0.35133567452430725,
            "acc": 0.8929588198661804
        }
    },
    "epoch": 4,
    "step": 834,
    "val": {
        "step": {
            "loss": 0.38663169741630554,
            "acc": 0.8833197951316833
        },
        "epoch": {
            "loss": 0.3604033887386322,
            "acc": 0.8917109966278076
        }
    }
}