{
    "train": {
        "step": {
            "loss": 0.3269146978855133,
            "acc": 0.8998917937278748
        },
        "epoch": {
            "loss": 0.3378719985485077,
            "acc": 0.8960269093513489
        }
    },
    "epoch": 4,
    "step": 834,
    "val": {
        "step": {
            "loss": 0.3719618022441864,
            "acc": 0.8827110528945923
        },
        "epoch": {
            "loss": 0.35011786222457886,
            "acc": 0.8932369947433472
        }
    }
}