{
    "train": {
        "step": {
            "loss": 0.3211856484413147,
            "acc": 0.9024621248245239
        },
        "epoch": {
            "loss": 0.3306599259376526,
            "acc": 0.8979747891426086
        }
    },
    "epoch": 4,
    "step": 834,
    "val": {
        "step": {
            "loss": 0.3687829375267029,
            "acc": 0.8849431872367859
        },
        "epoch": {
            "loss": 0.3426611125469208,
            "acc": 0.8954481482505798
        }
    }
}