{
    "train": {
        "step": {
            "loss": 0.4414725601673126,
            "acc": 0.8718885183334351
        },
        "epoch": {
            "loss": 0.46361014246940613,
            "acc": 0.8635485768318176
        }
    },
    "epoch": 4,
    "step": 834,
    "val": {
        "step": {
            "loss": 0.48715507984161377,
            "acc": 0.8573457598686218
        },
        "epoch": {
            "loss": 0.4650649428367615,
            "acc": 0.8638895750045776
        }
    }
}