step	acc
166	0.8483158349990845
333	0.8736380934715271
500	0.8797873854637146
667	0.8836313486099243
834	0.8859984874725342
