step	acc
166	0.8367644548416138
333	0.8604170680046082
500	0.8673473000526428
667	0.8712003231048584
834	0.8734233379364014
