step	acc
166	0.8560521006584167
333	0.8822604417800903
500	0.8891372084617615
667	0.8931940197944641
834	0.8960269093513489
