step	acc
166	0.8294356465339661
333	0.8522711396217346
500	0.8572759628295898
667	0.8610485196113586
834	0.8635485768318176
