step	acc
166	0.8441517353057861
333	0.867149293422699
500	0.8729302883148193
667	0.8763298392295837
834	0.8789796829223633
