step	acc
166	0.8535445928573608
333	0.8791987895965576
500	0.8860170841217041
667	0.8901795744895935
834	0.8929588198661804
