step	acc
166	0.8489781618118286
333	0.8738861680030823
500	0.8799341917037964
667	0.8841281533241272
834	0.8874701857566833
