step	acc
166	0.8546924591064453
333	0.8804602026939392
500	0.8873294591903687
667	0.891642153263092
834	0.8945177793502808
