step	acc
166	0.8527076244354248
333	0.8833675384521484
500	0.8904886841773987
667	0.8948678970336914
834	0.8979747891426086
