step	loss
166	0.5131878852844238
333	0.38984912633895874
500	0.3636133074760437
667	0.34825626015663147
834	0.3378719985485077
