step	loss
166	0.5221757292747498
333	0.40100112557411194
500	0.37570592761039734
667	0.36109858751296997
834	0.35133567452430725
