step	loss
166	0.5447940230369568
333	0.4243454933166504
500	0.4005935490131378
667	0.3866730034351349
834	0.37732023000717163
