step	loss
166	0.5216108560562134
333	0.3860345184803009
500	0.3587736189365387
667	0.34173059463500977
834	0.3306599259376526
