step	loss
166	0.5414304137229919
333	0.4237697124481201
500	0.4001184105873108
667	0.3835195004940033
834	0.37215670943260193
