step	loss
166	0.5763331055641174
333	0.44821101427078247
500	0.4242698848247528
667	0.4102865159511566
834	0.4007968008518219
