step	loss
166	0.5990888476371765
333	0.47549107670783997
500	0.4494970142841339
667	0.43434423208236694
834	0.42420798540115356
