step	loss
166	0.687124490737915
333	0.5138106942176819
500	0.488363116979599
667	0.4811411499977112
834	0.46361014246940613
