step	loss
166	0.5201641321182251
333	0.3989354968070984
500	0.3715933859348297
667	0.3555637001991272
834	0.34479543566703796
