{
    "val": {
        "loss": 0.6011115908622742,
        "acc": 0.01884111762046814
    },
    "epoch": 2,
    "step": 23,
    "train": {
        "epoch": {
            "loss": 0.6358106732368469,
            "acc": 0.017802037298679352
        }
    }
}
