{
    "val": {
        "loss": 0.5601223111152649,
        "acc": 0.01515797059983015
    },
    "epoch": 6,
    "step": 55,
    "train": {
        "epoch": {
            "loss": 0.5625399947166443,
            "acc": 0.014334802515804768
        },
        "step": {
            "loss": 0.5723131895065308,
            "acc": 0.014276813715696335
        }
    }
}
