step	train/epoch/acc
156	0.9308069348335266
313	0.9470386505126953
470	0.9503753185272217
627	0.9524567127227783
707	0.9538232684135437
