step	train/epoch/acc
156	0.9317120909690857
313	0.9481548070907593
470	0.9518138766288757
627	0.9540988206863403
657	0.9550532102584839
