step	train/epoch/acc
156	0.9302210807800293
313	0.9466535449028015
470	0.9504679441452026
627	0.952704668045044
784	0.9541792869567871
785	0.9542935490608215
