step	acc
156	0.07668876647949219
313	0.1145646870136261
470	0.14734023809432983
627	0.16146807372570038
784	0.1789986491203308
941	0.19113335013389587
1098	0.20431315898895264
1255	0.21882957220077515
1261	0.22058407962322235
