step	acc
7	0.012336881831288338
15	0.012596314772963524
