step	acc
156	0.9290064573287964
313	0.9464649558067322
470	0.9502416849136353
627	0.9527802467346191
784	0.9548811316490173
785	0.953492283821106
