step	train/epoch/acc
156	0.9323164224624634
313	0.9487277269363403
