step	acc
15	0.8118199110031128
31	0.8846276998519897
47	0.8911845684051514
63	0.8954362273216248
79	0.8986569046974182
