step	train/epoch/acc
156	0.9320245385169983
313	0.9485453367233276
470	0.9519503712654114
627	0.9538185596466064
690	0.9548459649085999
