step	acc
156	0.9074133634567261
313	0.9280187487602234
