step	acc
7	0.0106809688732028
15	0.011633173562586308
23	0.01168396882712841
