step	acc
156	0.02904779650270939
313	0.04961168020963669
