step	acc
12	0.011689858511090279
25	0.011756671592593193
38	0.011627906933426857
51	0.011627906933426857
64	0.011627906933426857
77	0.011627906933426857
90	0.011627906933426857
103	0.011627906933426857
116	0.011627906933426857
129	0.011627906933426857
