step	acc
156	0.912652850151062
313	0.927955150604248
