step	train/epoch/acc
156	0.9323164224624634
313	0.9487277269363403
470	0.9520758986473083
627	0.9541274309158325
784	0.9553232192993164
941	0.9563570022583008
1098	0.9569900631904602
1255	0.9575071334838867
