step	acc
31	0.792212724685669
63	0.8430218696594238
95	0.8533457517623901
