step	acc
156	0.030145715922117233
313	0.07026898860931396
470	0.08392716944217682
627	0.0898512601852417
