step	acc
156	0.021798057481646538
313	0.048435598611831665
