step	acc
156	0.9324822425842285
313	0.9480687379837036
470	0.9514850378036499
627	0.953521192073822
657	0.9547210931777954
