step	acc
12	0.03250204771757126
25	0.058899618685245514
38	0.07189983129501343
51	0.07976268231868744
64	0.08552224189043045
77	0.09159309417009354
90	0.09757225215435028
103	0.10035330802202225
116	0.10392346233129501
129	0.10676152259111404
