step	loss
12	1.3449174165725708
25	0.7582032084465027
38	0.6937620639801025
51	0.6625410318374634
64	0.638465940952301
77	0.6233189105987549
90	0.6099660992622375
103	0.5993459224700928
116	0.5895124673843384
129	0.5804677605628967
