step	train/epoch/loss
156	0.2523772418498993
313	0.17188003659248352
470	0.1585085242986679
627	0.15118660032749176
690	0.14733390510082245
