step	loss
156	0.24923548102378845
313	0.17094764113426208
470	0.15765585005283356
627	0.14995084702968597
784	0.14382272958755493
941	0.13991832733154297
1098	0.1369103342294693
1255	0.13415785133838654
1261	0.13195431232452393
