step	loss
31	0.8644149303436279
63	0.5475548505783081
95	0.5065137147903442
