step	loss
7	1.7698019742965698
15	0.7734427452087402
