step	train/epoch/loss
156	0.24592337012290955
313	0.17013287544250488
470	0.15723782777786255
