step	train/epoch/loss
156	0.24592337012290955
313	0.17013287544250488
470	0.15723782777786255
627	0.14978057146072388
784	0.1453002393245697
941	0.14154262840747833
1098	0.13921113312244415
1255	0.13729017972946167
1335	0.13605491816997528
