step	loss
156	0.2677568197250366
313	0.17943960428237915
470	0.1644577831029892
627	0.15474410355091095
784	0.14791077375411987
785	0.15164519846439362
