step	loss
156	0.42131343483924866
313	0.261819064617157
