step	loss
15	0.9161079525947571
31	0.4333362281322479
47	0.3871815800666809
63	0.36666935682296753
79	0.35249167680740356
