step	loss
156	0.4216877520084381
313	0.2607426941394806
