step	loss
156	0.2714647948741913
313	0.18510162830352783
470	0.16866211593151093
627	0.15855230391025543
784	0.1516965627670288
941	0.14689162373542786
1098	0.14308297634124756
1255	0.14002884924411774
1412	0.1373920738697052
1569	0.13543827831745148
1570	0.13786369562149048
