step	loss
156	0.4183858036994934
313	0.25343018770217896
