step	loss
156	0.24655959010124207
313	0.17294517159461975
470	0.15996193885803223
627	0.15231981873512268
657	0.1482039988040924
