step	train/epoch/loss
156	0.2620619237422943
313	0.1769905984401703
470	0.16416238248348236
627	0.15604451298713684
707	0.15107640624046326
