step	train/epoch/loss
156	0.2607693076133728
313	0.17835842072963715
470	0.1635090559720993
627	0.154662624001503
784	0.14908480644226074
785	0.14981336891651154
