step	loss
156	0.427981436252594
313	0.2659093141555786
