step	loss
156	0.4047291874885559
313	0.25627800822257996
470	0.2374298870563507
627	0.2286529242992401
