step	loss
7	2.711007833480835
15	0.7904007434844971
23	0.6628868579864502
