step	train/epoch/loss
156	0.2513381540775299
313	0.17243555188179016
470	0.15902365744113922
627	0.1508592963218689
657	0.14722076058387756
