step	acc
49	0.030433692038059235
99	0.0341990627348423
149	0.04248793423175812
199	0.04559417814016342
249	0.05144486203789711
299	0.055024612694978714
