step	train/step/acc
49	0.938401460647583
99	0.9440827369689941
149	0.9452679753303528
