step	acc
49	0.9195212125778198
99	0.9198495149612427
149	0.9245292544364929
199	0.9246572256088257
249	0.9291087985038757
299	0.9301437735557556
