step	acc
49	0.014207929372787476
99	0.02408430725336075
149	0.04175984859466553
199	0.04569001868367195
249	0.05002966895699501
299	0.051687244325876236
