step	acc
49	0.9351462125778198
99	0.9413394927978516
149	0.9441940188407898
199	0.9411057829856873
249	0.9473268389701843
299	0.9481392502784729
349	0.9496806263923645
399	0.9507378339767456
449	0.9515669345855713
499	0.9514946341514587
549	0.9524962306022644
599	0.9543380737304688
649	0.9561576247215271
699	0.9550002217292786
749	0.9548221826553345
785	0.953492283821106
