step	train/step/acc
49	0.9382845759391785
99	0.9430533051490784
149	0.9451622366905212
199	0.9417123198509216
249	0.9474937915802002
299	0.9483062028884888
349	0.9495915770530701
399	0.9506098628044128
449	0.9523070454597473
499	0.951505720615387
549	0.9512998461723328
599	0.9540653824806213
649	0.9558293223381042
699	0.9541711211204529
707	0.9551727175712585
