step	train/step/acc
49	0.9379173517227173
99	0.9434150457382202
149	0.9448117017745972
199	0.9434372782707214
249	0.9493745565414429
299	0.9504262208938599
349	0.9510717391967773
399	0.9530025720596313
449	0.9537871479988098
499	0.9534032344818115
549	0.9532919526100159
599	0.9549278616905212
649	0.9569644927978516
657	0.9539874792098999
