step	acc
49	0.07853136956691742
99	0.09888491779565811
