step	acc
49	0.011627906933426857
99	0.011627906933426857
