step	train/step/acc
49	0.9365763068199158
99	0.94264155626297
149	0.9437878131866455
199	0.9407384991645813
249	0.94743812084198
299	0.9480947256088257
349	0.9492855072021484
399	0.9511106610298157
449	0.9519787430763245
499	0.9511218070983887
549	0.9513165354728699
599	0.9541432857513428
649	0.9546218514442444
699	0.954744279384613
749	0.9528746008872986
785	0.9542935490608215
