step	train/step/acc
49	0.938401460647583
99	0.9440827369689941
149	0.9452679753303528
199	0.9437822699546814
249	0.9480446577072144
299	0.9507990479469299
349	0.9520232081413269
399	0.9521456360816956
449	0.9542990922927856
499	0.9516392946243286
549	0.95367032289505
599	0.9547665119171143
649	0.9566918015480042
699	0.9555400013923645
749	0.9545383453369141
799	0.956302285194397
