step	acc
49	0.018786150962114334
99	0.03396119549870491
149	0.05469682067632675
199	0.06428568065166473
249	0.06833942234516144
299	0.0764940157532692
349	0.08278471231460571
399	0.08548945188522339
449	0.09077776223421097
499	0.08709778636693954
549	0.08808879554271698
599	0.08083983510732651
