step	acc
49	0.939453125
99	0.9435485601425171
149	0.9461360573768616
199	0.9430088400840759
249	0.9491965174674988
299	0.9498252868652344
349	0.9515613913536072
399	0.9517617225646973
449	0.9529691934585571
499	0.9527076482772827
549	0.9524461627006531
599	0.9540932178497314
649	0.9562466740608215
657	0.9534366130828857
