step	train/step/acc
49	0.9380953907966614
99	0.9441105723381042
149	0.9463474750518799
199	0.9429309368133545
249	0.9495025277137756
299	0.9505764842033386
349	0.9511496424674988
399	0.9530749320983887
449	0.9526075124740601
499	0.9523070454597473
549	0.9530025720596313
599	0.9553006887435913
649	0.9567808508872986
690	0.9561687707901001
