step	acc
49	0.8485947847366333
99	0.8587154746055603
