step	acc
49	0.8924490809440613
49	0.931284487247467
