step	acc
49	0.9186921119689941
99	0.9225538372993469
149	0.9249243140220642
199	0.9253305196762085
249	0.9292200803756714
299	0.9277677536010742
