step	train/step/loss
49	0.21405550837516785
99	0.1930420696735382
149	0.1840444952249527
199	0.18897594511508942
249	0.16895034909248352
299	0.1641189157962799
349	0.1596597582101822
399	0.15535284578800201
449	0.1525374799966812
499	0.1539621353149414
549	0.1541101336479187
599	0.14745673537254333
649	0.14098413288593292
657	0.14954432845115662
