step	train/step/loss
49	0.21534615755081177
99	0.19095255434513092
149	0.1797812432050705
199	0.18910853564739227
249	0.1697375327348709
299	0.16474713385105133
349	0.16005125641822815
399	0.15586216747760773
449	0.15524567663669586
499	0.15642745792865753
549	0.15358787775039673
599	0.14728184044361115
649	0.14199121296405792
690	0.14348874986171722
