step	loss
49	0.32354333996772766
99	0.30111217498779297
149	0.2834005653858185
199	0.27560824155807495
249	0.2623133957386017
299	0.25993430614471436
