step	train/step/loss
49	0.21158188581466675
99	0.1897067278623581
149	0.1807853728532791
199	0.1874939203262329
249	0.17171481251716614
299	0.16319572925567627
349	0.15690474212169647
399	0.15759795904159546
449	0.15126949548721313
