step	loss
49	0.20916065573692322
99	0.1901005357503891
149	0.18080613017082214
199	0.18864388763904572
249	0.17058639228343964
299	0.16549018025398254
349	0.15964193642139435
399	0.15837714076042175
449	0.15519559383392334
499	0.15604634582996368
549	0.15587784349918365
599	0.1519022434949875
649	0.1434304416179657
657	0.15067815780639648
