step	loss
49	0.319462388753891
99	0.3013611435890198
149	0.2817924916744232
199	0.2725446820259094
249	0.2564016580581665
299	0.2524879574775696
