step	train/step/loss
49	0.21158188581466675
99	0.1897067278623581
