step	loss
49	0.5279443860054016
99	0.482571542263031
