step	loss
49	0.3790258467197418
49	0.24283865094184875
