step	loss
49	1.191961407661438
99	1.1587353944778442
