step	train/step/loss
49	0.215728759765625
99	0.1944146454334259
149	0.1843026727437973
199	0.19258666038513184
249	0.17569120228290558
299	0.1712220311164856
349	0.16578631103038788
399	0.16231776773929596
449	0.15870116651058197
499	0.16048285365104675
549	0.15917830169200897
599	0.1517723798751831
649	0.14514698088169098
699	0.14830511808395386
707	0.1469729095697403
