step	loss
49	0.334528386592865
99	0.3038735091686249
149	0.28028103709220886
199	0.2706267237663269
249	0.2580692172050476
299	0.25615566968917847
