step	train/step/loss
49	0.21158188581466675
99	0.1897067278623581
149	0.1807853728532791
199	0.1874939203262329
