step	loss
49	0.3116145730018616
99	0.2926120162010193
149	0.27245739102363586
199	0.2623726725578308
249	0.24963496625423431
299	0.24885645508766174
