step	train/step/loss
49	0.21968670189380646
99	0.1961813122034073
149	0.1880744844675064
199	0.19677771627902985
249	0.1760847568511963
299	0.17333614826202393
349	0.1658523976802826
399	0.16144441068172455
449	0.15853364765644073
499	0.15975253283977509
549	0.15975384414196014
599	0.14987702667713165
649	0.14738228917121887
699	0.14776529371738434
749	0.1527092605829239
785	0.14981336891651154
