step	loss
49	0.6412728428840637
99	0.5788025259971619
