step	loss
49	0.32114776968955994
99	0.29602786898612976
149	0.27770212292671204
199	0.26637306809425354
249	0.2520241141319275
299	0.25068503618240356
349	0.2309694141149521
399	0.23957796394824982
449	0.23163437843322754
499	0.2302088886499405
549	0.22711181640625
599	0.23036640882492065
