{
    "train": {
        "step": {
            "loss": 0.14105932414531708,
            "acc": 0.9568142294883728
        },
        "epoch": {
            "loss": 0.1453002393245697,
            "acc": 0.9553232192993164
        }
    },
    "epoch": 5,
    "step": 849,
    "val": {
        "step": {
            "loss": 0.15386149287223816,
            "acc": 0.9529024362564087
        },
        "epoch": {
            "loss": 0.1453540027141571,
            "acc": 0.9552722573280334
        }
    }
}