{
    "train": {
        "step": {
            "loss": 0.13555045425891876,
            "acc": 0.9581274390220642
        },
        "epoch": {
            "loss": 0.14154262840747833,
            "acc": 0.9563570022583008
        }
    },
    "epoch": 6,
    "step": 251,
    "val": {
        "step": {
            "loss": 0.1423528641462326,
            "acc": 0.9559127688407898
        },
        "epoch": {
            "loss": 0.14393866062164307,
            "acc": 0.9556862115859985
        }
    }
}