{
    "train": {
        "step": {
            "loss": 0.1807853728532791,
            "acc": 0.9452679753303528
        }
    },
    "epoch": 0,
    "step": 20,
    "val": {
        "step": {
            "loss": 0.17238874733448029,
            "acc": 0.9482616782188416
        }
    }
}