{
    "train": {
        "step": {
            "loss": 0.1807853728532791,
            "acc": 0.9452679753303528
        }
    },
    "epoch": 0,
    "step": 34,
    "val": {
        "step": {
            "loss": 0.17852981388568878,
            "acc": 0.946709156036377
        }
    }
}