{
    "train": {
        "step": {
            "loss": 0.1807853728532791,
            "acc": 0.9452679753303528
        }
    },
    "epoch": 0,
    "step": 19,
    "val": {
        "step": {
            "loss": 0.1831194907426834,
            "acc": 0.9452179074287415
        }
    }
}