{
    "train": {
        "step": {
            "loss": 0.14954432845115662,
            "acc": 0.9539874792098999
        },
        "epoch": {
            "loss": 0.14722076058387756,
            "acc": 0.9550532102584839
        }
    },
    "epoch": 4,
    "step": 657,
    "val": {
        "step": {
            "loss": 0.15550751984119415,
            "acc": 0.9515669345855713
        },
        "epoch": {
            "loss": 0.14610698819160461,
            "acc": 0.9554860591888428
        }
    }
}