{
    "val": {
        "loss": 1.5253781080245972,
        "acc": 0.011627907864749432
    },
    "epoch": 9,
    "step": 129,
    "train": {
        "epoch": {
            "loss": 1.4054629802703857,
            "acc": 0.011627906933426857
        },
        "step": {
            "loss": 1.1587353944778442,
            "acc": 0.011627906933426857
        }
    }
}
