{
    "train": {
        "step": {
            "loss": 0.1807853728532791,
            "acc": 0.9452679753303528
        }
    },
    "epoch": 0,
    "step": 1,
    "val": {
        "step": {
            "loss": 0.17607387900352478,
            "acc": 0.9472823143005371
        }
    }
}