{
    "train": {
        "step": {
            "loss": 0.1807853728532791,
            "acc": 0.9452679753303528
        }
    },
    "epoch": 0,
    "step": 30,
    "val": {
        "step": {
            "loss": 0.18587683141231537,
            "acc": 0.9443554282188416
        }
    }
}