{
    "train": {
        "loss": 1.1169638633728027,
        "accuracy": 0.7379788160324097
    },
    "eval": {
        "loss": 1.0212732553482056,
        "accuracy": 0.7197372913360596
    },
    "step": 0
}