{
    "train": {
        "step": {
            "loss": 0.13186366856098175,
            "acc": 0.22935765981674194
        },
        "epoch": {
            "loss": 0.13195431232452393,
            "acc": 0.22058407962322235
        }
    },
    "epoch": 8,
    "step": 1261,
    "val": {
        "loss": 0.13339364528656006,
        "acc": 0.21971623599529266
    }
}