{
    "train": {
        "step": {
            "loss": 0.1807853728532791,
            "acc": 0.9452679753303528
        }
    },
    "epoch": 0,
    "step": 5,
    "val": {
        "step": {
            "loss": 0.1807081550359726,
            "acc": 0.9457687735557556
        }
    }
}