{
    "train": {
        "step": {
            "loss": 0.1807853728532791,
            "acc": 0.9452679753303528
        }
    },
    "epoch": 0,
    "step": 15,
    "val": {
        "step": {
            "loss": 0.18191149830818176,
            "acc": 0.9456129670143127
        }
    }
}