{
    "train": {
        "loss": 1.2224589586257935,
        "accuracy": 0.7321610450744629
    },
    "eval": {
        "loss": 1.1034274101257324,
        "accuracy": 0.7080932259559631
    },
    "step": 0
}