{
    "train": {
        "step": {
            "loss": 0.1807853728532791,
            "acc": 0.9452679753303528
        }
    },
    "epoch": 0,
    "step": 6,
    "val": {
        "step": {
            "loss": 0.17692142724990845,
            "acc": 0.9471654891967773
        }
    }
}