{
    "train": {
        "step": {
            "loss": 0.13322874903678894,
            "acc": 0.9591346383094788
        },
        "epoch": {
            "loss": 0.13729017972946167,
            "acc": 0.9575071334838867
        }
    },
    "epoch": 8,
    "step": 353,
    "val": {
        "step": {
            "loss": 0.13278008997440338,
            "acc": 0.9583556056022644
        },
        "epoch": {
            "loss": 0.13917413353919983,
            "acc": 0.9570255875587463
        }
    }
}