{
    "train": {
        "step": {
            "loss": 0.1807853728532791,
            "acc": 0.9452679753303528
        }
    },
    "epoch": 0,
    "step": 22,
    "val": {
        "step": {
            "loss": 0.17637382447719574,
            "acc": 0.9474158883094788
        }
    }
}