{
    "val": {
        "step": {
            "loss": 0.48557671904563904,
            "acc": 0.8591721057891846
        },
        "epoch": {
            "loss": 0.4851948916912079,
            "acc": 0.8585292100906372
        }
    },
    "step": 127,
    "epoch": 3,
    "train": {
        "epoch": {
            "loss": 0.5065137147903442,
            "acc": 0.8533457517623901
        },
        "step": {
            "loss": 0.482571542263031,
            "acc": 0.8587154746055603
        }
    }
}