{
    "train": {
        "step": {
            "loss": 0.1807853728532791,
            "acc": 0.9452679753303528
        }
    },
    "epoch": 0,
    "step": 37,
    "val": {
        "step": {
            "loss": 0.18398569524288177,
            "acc": 0.9450676441192627
        }
    }
}