{
    "train": {
        "step": {
            "loss": 0.15690474212169647,
            "acc": 0.9520232081413269
        },
        "epoch": {
            "loss": 0.17013287544250488,
            "acc": 0.9487277269363403
        }
    },
    "epoch": 2,
    "step": 349,
    "val": {
        "step": {
            "loss": 0.17102113366127014,
            "acc": 0.9472044110298157
        },
        "epoch": {
            "loss": 0.16194511950016022,
            "acc": 0.9505130648612976
        }
    }
}