{
    "step": 0,
    "loss": 0.5145122408866882,
    "acc": 0.8570422530174255,
    "epoch": 0,
    "custom_loss": 0.6450170874595642,
    "custom_acc": 0.814084529876709
}