{
    "train": {
        "step": {
            "loss": 0.1807853728532791,
            "acc": 0.9452679753303528
        }
    },
    "epoch": 0,
    "step": 24,
    "val": {
        "step": {
            "loss": 0.1803009808063507,
            "acc": 0.9460358619689941
        }
    }
}