{
    "train": {
        "step": {
            "loss": 0.14362899959087372,
            "acc": 0.9561799168586731
        },
        "epoch": {
            "loss": 0.1453002393245697,
            "acc": 0.9553232192993164
        }
    },
    "epoch": 5,
    "step": 239,
    "val": {
        "step": {
            "loss": 0.15151013433933258,
            "acc": 0.9541488885879517
        },
        "epoch": {
            "loss": 0.1453540027141571,
            "acc": 0.9552722573280334
        }
    }
}