{
    "train": {
        "step": {
            "loss": 0.1807853728532791,
            "acc": 0.9452679753303528
        }
    },
    "epoch": 0,
    "step": 10,
    "val": {
        "step": {
            "loss": 0.1798386573791504,
            "acc": 0.9468649625778198
        }
    }
}