{
    "train": {
        "step": {
            "loss": 0.1807853728532791,
            "acc": 0.9452679753303528
        }
    },
    "epoch": 0,
    "step": 32,
    "val": {
        "step": {
            "loss": 0.1806103140115738,
            "acc": 0.9457298517227173
        }
    }
}