{
    "train": {
        "step": {
            "loss": 0.14710581302642822,
            "acc": 0.9547665119171143
        },
        "epoch": {
            "loss": 0.15723782777786255,
            "acc": 0.9520758986473083
        }
    },
    "epoch": 3,
    "step": 124,
    "val": {
        "step": {
            "loss": 0.14519928395748138,
            "acc": 0.9559628963470459
        },
        "epoch": {
            "loss": 0.15385839343070984,
            "acc": 0.9530829191207886
        }
    }
}