{
    "train": {
        "step": {
            "loss": 0.1807853728532791,
            "acc": 0.9452679753303528
        }
    },
    "epoch": 0,
    "step": 36,
    "val": {
        "step": {
            "loss": 0.18239793181419373,
            "acc": 0.9450120329856873
        }
    }
}