{
    "train": {
        "step": {
            "loss": 0.1807853728532791,
            "acc": 0.9452679753303528
        }
    },
    "epoch": 0,
    "step": 21,
    "val": {
        "step": {
            "loss": 0.18354976177215576,
            "acc": 0.9451900720596313
        }
    }
}