{
    "train": {
        "step": {
            "loss": 0.13322874903678894,
            "acc": 0.9591346383094788
        },
        "epoch": {
            "loss": 0.13729017972946167,
            "acc": 0.9575071334838867
        }
    },
    "epoch": 8,
    "step": 1335,
    "val": {
        "step": {
            "loss": 0.14261019229888916,
            "acc": 0.9550392031669617
        },
        "epoch": {
            "loss": 0.1350831836462021,
            "acc": 0.9582563638687134
        }
    }
}