{
    "train": {
        "step": {
            "loss": 0.1807853728532791,
            "acc": 0.9452679753303528
        }
    },
    "epoch": 0,
    "step": 3,
    "val": {
        "step": {
            "loss": 0.1796237677335739,
            "acc": 0.9461638331413269
        }
    }
}