{
    "train": {
        "step": {
            "loss": 0.13322874903678894,
            "acc": 0.9591346383094788
        },
        "epoch": {
            "loss": 0.13605491816997528,
            "acc": 0.9578650593757629
        }
    },
    "epoch": 8,
    "step": 1335,
    "val": {
        "step": {
            "loss": 0.14261019229888916,
            "acc": 0.9550392031669617
        },
        "epoch": {
            "loss": 0.1350831836462021,
            "acc": 0.9582563638687134
        }
    }
}