{
    "val": {
        "loss": 0.6250036954879761,
        "acc": 0.10684191435575485
    },
    "epoch": 9,
    "step": 129,
    "train": {
        "epoch": {
            "loss": 0.5804677605628967,
            "acc": 0.10676152259111404
        },
        "step": {
            "loss": 0.5788025259971619,
            "acc": 0.09888491779565811
        }
    }
}
