{
    "train": {
        "step": {
            "loss": 0.13970215618610382,
            "acc": 0.9568921327590942
        },
        "epoch": {
            "loss": 0.13921113312244415,
            "acc": 0.9569900631904602
        }
    },
    "epoch": 7,
    "step": 1199,
    "val": {
        "step": {
            "loss": 0.1490831822156906,
            "acc": 0.9540598392486572
        },
        "epoch": {
            "loss": 0.1413804143667221,
            "acc": 0.9563278555870056
        }
    }
}