{
    "train": {
        "loss": 0.5511354207992554,
        "accuracy": 0.8385635614395142
    },
    "eval": {
        "loss": 0.6268537044525146,
        "accuracy": 0.816008448600769
    },
    "step": 9
}