{
    "train": {
        "step": {
            "loss": 0.1807853728532791,
            "acc": 0.9452679753303528
        }
    },
    "epoch": 0,
    "step": 12,
    "val": {
        "step": {
            "loss": 0.18532772362232208,
            "acc": 0.9448896050453186
        }
    }
}