{
    "train": {
        "step": {
            "loss": 0.1391410380601883,
            "acc": 0.9568030834197998
        },
        "epoch": {
            "loss": 0.13729017972946167,
            "acc": 0.9575071334838867
        }
    },
    "epoch": 8,
    "step": 1299,
    "val": {
        "step": {
            "loss": 0.14599843323230743,
            "acc": 0.9535256624221802
        },
        "epoch": {
            "loss": 0.13917413353919983,
            "acc": 0.9570255875587463
        }
    }
}