{
    "train": {
        "loss": 0.5461226105690002,
        "accuracy": 0.83866947889328
    },
    "eval": {
        "loss": 0.6301294565200806,
        "accuracy": 0.8133559226989746
    },
    "step": 9
}