{
    "train": {
        "step": {
            "loss": 0.1807853728532791,
            "acc": 0.9452679753303528
        }
    },
    "epoch": 0,
    "step": 28,
    "val": {
        "step": {
            "loss": 0.1776580512523651,
            "acc": 0.947254478931427
        }
    }
}