{
    "train": {
        "step": {
            "loss": 0.14711478352546692,
            "acc": 0.9545383453369141
        },
        "epoch": {
            "loss": 0.14978057146072388,
            "acc": 0.9541274309158325
        }
    },
    "epoch": 4,
    "step": 187,
    "val": {
        "step": {
            "loss": 0.1418088674545288,
            "acc": 0.9561242461204529
        },
        "epoch": {
            "loss": 0.14897044003009796,
            "acc": 0.9546704888343811
        }
    }
}