{
    "train": {
        "step": {
            "loss": 0.12501458823680878,
            "acc": 0.9620726704597473
        }
    },
    "epoch": 0,
    "step": 212,
    "val": {
        "step": {
            "loss": 0.12310384213924408,
            "acc": 0.9615829586982727
        }
    }
}