{
    "train": {
        "step": {
            "loss": 0.13322874903678894,
            "acc": 0.9591346383094788
        },
        "epoch": {
            "loss": 0.13729017972946167,
            "acc": 0.9575071334838867
        }
    },
    "epoch": 8,
    "step": 332,
    "val": {
        "step": {
            "loss": 0.1404554694890976,
            "acc": 0.9563078880310059
        },
        "epoch": {
            "loss": 0.13917413353919983,
            "acc": 0.9570255875587463
        }
    }
}