{
    "train": {
        "step": {
            "loss": 0.13786369562149048,
            "acc": 0.957020103931427
        },
        "epoch": {
            "loss": 0.13786369562149048,
            "acc": 0.957020103931427
        }
    },
    "epoch": 10,
    "step": 1570,
    "val": {
        "loss": 0.13571268320083618,
        "acc": 0.958328127861023
    }
}