{
    "train": {
        "step": {
            "loss": 0.13555045425891876,
            "acc": 0.9581274390220642
        },
        "epoch": {
            "loss": 0.14154262840747833,
            "acc": 0.9563570022583008
        }
    },
    "epoch": 6,
    "step": 1049,
    "val": {
        "step": {
            "loss": 0.15151013433933258,
            "acc": 0.9541488885879517
        },
        "epoch": {
            "loss": 0.14393866062164307,
            "acc": 0.9556862115859985
        }
    }
}