{
    "train": {
        "step": {
            "loss": 0.14362899959087372,
            "acc": 0.9561799168586731
        },
        "epoch": {
            "loss": 0.14154262840747833,
            "acc": 0.9563570022583008
        }
    },
    "epoch": 5,
    "step": 941,
    "val": {
        "step": {
            "loss": 0.15151013433933258,
            "acc": 0.9541488885879517
        },
        "epoch": {
            "loss": 0.14393866062164307,
            "acc": 0.9556862115859985
        }
    }
}