{
    "train": {
        "step": {
            "loss": 0.1807853728532791,
            "acc": 0.9452679753303528
        }
    },
    "epoch": 0,
    "step": 35,
    "val": {
        "step": {
            "loss": 0.18215502798557281,
            "acc": 0.9458188414573669
        }
    }
}