{
    "train": {
        "step": {
            "loss": 0.14711478352546692,
            "acc": 0.9545383453369141
        },
        "epoch": {
            "loss": 0.1453002393245697,
            "acc": 0.9553232192993164
        }
    },
    "epoch": 4,
    "step": 784,
    "val": {
        "step": {
            "loss": 0.15386149287223816,
            "acc": 0.9529024362564087
        },
        "epoch": {
            "loss": 0.1453540027141571,
            "acc": 0.9552722573280334
        }
    }
}