{
    "train": {
        "step": {
            "loss": 0.16319572925567627,
            "acc": 0.9507990479469299
        },
        "epoch": {
            "loss": 0.24592337012290955,
            "acc": 0.9323164224624634
        }
    },
    "epoch": 1,
    "step": 59,
    "val": {
        "step": {
            "loss": 0.16546110808849335,
            "acc": 0.9491353034973145
        },
        "epoch": {
            "loss": 0.1795196682214737,
            "acc": 0.9463181495666504
        }
    }
}