{
    "train": {
        "step": {
            "loss": 0.1807853728532791,
            "acc": 0.9452679753303528
        }
    },
    "epoch": 0,
    "step": 27,
    "val": {
        "step": {
            "loss": 0.17731842398643494,
            "acc": 0.9471431970596313
        }
    }
}