{
    "train": {
        "step": {
            "loss": 0.25615566968917847,
            "acc": 0.051687244325876236
        },
        "epoch": {
            "loss": 0.261819064617157,
            "acc": 0.048435598611831665
        }
    },
    "epoch": 1,
    "step": 313,
    "val_loss": 0.24926112592220306,
    "val_acc": 0.054048918187618256
}