{
    "train": {
        "loss": 0.1521604061126709,
        "accuracy": 0.9541599750518799
    },
    "eval": {
        "loss": 0.13817009329795837,
        "accuracy": 0.9581621289253235
    },
    "step": 1
}