{
    "train": {
        "step": {
            "loss": 0.23036640882492065,
            "acc": 0.08083983510732651
        },
        "epoch": {
            "loss": 0.2286529242992401,
            "acc": 0.0898512601852417
        }
    },
    "epoch": 3,
    "step": 627,
    "val": {
        "loss": 0.22505764663219452,
        "acc": 0.09013199806213379
    }
}
