{
    "train": {
        "step": {
            "loss": 0.1807853728532791,
            "acc": 0.9452679753303528
        }
    },
    "epoch": 0,
    "step": 17,
    "val": {
        "step": {
            "loss": 0.17602047324180603,
            "acc": 0.947632908821106
        }
    }
}