{
    "train": {
        "step": {
            "loss": 0.13641436398029327,
            "acc": 0.9572538137435913
        },
        "epoch": {
            "loss": 0.13729017972946167,
            "acc": 0.9575071334838867
        }
    },
    "epoch": 7,
    "step": 1255,
    "val": {
        "step": {
            "loss": 0.14599843323230743,
            "acc": 0.9535256624221802
        },
        "epoch": {
            "loss": 0.13917413353919983,
            "acc": 0.9570255875587463
        }
    }
}