{
    "train": {
        "loss": 1.2207911014556885,
        "accuracy": 0.7315678000450134
    },
    "eval": {
        "loss": 1.095651388168335,
        "accuracy": 0.7081525325775146
    },
    "step": 0
}