{
    "train": {
        "step": {
            "loss": 0.1807853728532791,
            "acc": 0.9452679753303528
        }
    },
    "epoch": 0,
    "step": 2,
    "val": {
        "step": {
            "loss": 0.1815861612558365,
            "acc": 0.9457075595855713
        }
    }
}