{
    "train": {
        "step": {
            "loss": 0.1874939203262329,
            "acc": 0.9437822699546814
        },
        "epoch": {
            "loss": 0.24592337012290955,
            "acc": 0.9323164224624634
        }
    },
    "epoch": 1,
    "step": 199,
    "val": {
        "step": {
            "loss": 0.18873505294322968,
            "acc": 0.9447115659713745
        },
        "epoch": {
            "loss": 0.1795196682214737,
            "acc": 0.9463181495666504
        }
    }
}