{
    "train": {
        "step": {
            "loss": 0.13641436398029327,
            "acc": 0.9572538137435913
        },
        "epoch": {
            "loss": 0.13921113312244415,
            "acc": 0.9569900631904602
        }
    },
    "epoch": 7,
    "step": 289,
    "val": {
        "step": {
            "loss": 0.14043092727661133,
            "acc": 0.9566361904144287
        },
        "epoch": {
            "loss": 0.1413804143667221,
            "acc": 0.9563278555870056
        }
    }
}