{
    "train": {
        "step": {
            "loss": 0.14362899959087372,
            "acc": 0.9561799168586731
        },
        "epoch": {
            "loss": 0.1453002393245697,
            "acc": 0.9553232192993164
        }
    },
    "epoch": 5,
    "step": 201,
    "val": {
        "step": {
            "loss": 0.13932502269744873,
            "acc": 0.9569867253303528
        },
        "epoch": {
            "loss": 0.1453540027141571,
            "acc": 0.9552722573280334
        }
    }
}