{
    "train": {
        "step": {
            "loss": 0.21158188581466675,
            "acc": 0.938401460647583
        }
    },
    "epoch": 0,
    "step": 49
}