{
    "train": {
        "step": {
            "loss": 0.1807853728532791,
            "acc": 0.9452679753303528
        }
    },
    "epoch": 0,
    "step": 0,
    "val": {
        "step": {
            "loss": 0.1769913285970688,
            "acc": 0.9462473392486572
        }
    }
}