{
    "train": {
        "step": {
            "loss": 0.15126949548721313,
            "acc": 0.9542990922927856
        },
        "epoch": {
            "loss": 0.17013287544250488,
            "acc": 0.9487277269363403
        }
    },
    "epoch": 2,
    "step": 110,
    "val": {
        "step": {
            "loss": 0.1606564074754715,
            "acc": 0.9510939717292786
        },
        "epoch": {
            "loss": 0.16194511950016022,
            "acc": 0.9505130648612976
        }
    }
}