{
    "train": {
        "step": {
            "loss": 0.16319572925567627,
            "acc": 0.9507990479469299
        },
        "epoch": {
            "loss": 0.24592337012290955,
            "acc": 0.9323164224624634
        }
    },
    "epoch": 1,
    "step": 313,
    "val": {
        "step": {
            "loss": 0.17102113366127014,
            "acc": 0.9472044110298157
        },
        "epoch": {
            "loss": 0.16194511950016022,
            "acc": 0.9505130648612976
        }
    }
}