{
    "train": {
        "step": {
            "loss": 0.1807853728532791,
            "acc": 0.9452679753303528
        }
    },
    "epoch": 0,
    "step": 8,
    "val": {
        "step": {
            "loss": 0.17828427255153656,
            "acc": 0.9468761086463928
        }
    }
}