{
    "train": {
        "loss": 1.2228398323059082,
        "accuracy": 0.7317817807197571
    },
    "eval": {
        "loss": 1.366510033607483,
        "accuracy": 0.7029745578765869
    },
    "step": 0
}