{
    "train": {
        "step": {
            "loss": 0.1807853728532791,
            "acc": 0.9452679753303528
        }
    },
    "epoch": 0,
    "step": 29,
    "val": {
        "step": {
            "loss": 0.18188200891017914,
            "acc": 0.9458522796630859
        }
    }
}