{
    "train": {
        "step": {
            "loss": 0.1807853728532791,
            "acc": 0.9452679753303528
        }
    },
    "epoch": 0,
    "step": 26,
    "val": {
        "step": {
            "loss": 0.17489764094352722,
            "acc": 0.947426974773407
        }
    }
}