{
    "train": {
        "step": {
            "loss": 0.15067815780639648,
            "acc": 0.9534366130828857
        },
        "epoch": {
            "loss": 0.1482039988040924,
            "acc": 0.9547210931777954
        }
    },
    "epoch": 4,
    "step": 657,
    "val": {
        "step": {
            "loss": 0.15715421736240387,
            "acc": 0.9511218070983887
        },
        "epoch": {
            "loss": 0.14860649406909943,
            "acc": 0.9545548558235168
        }
    }
}