{
    "train": {
        "step": {
            "loss": 0.13555045425891876,
            "acc": 0.9581274390220642
        },
        "epoch": {
            "loss": 0.14154262840747833,
            "acc": 0.9563570022583008
        }
    },
    "epoch": 6,
    "step": 252,
    "val": {
        "step": {
            "loss": 0.14708158373832703,
            "acc": 0.9545049667358398
        },
        "epoch": {
            "loss": 0.14393866062164307,
            "acc": 0.9556862115859985
        }
    }
}