{
    "train": {
        "step": {
            "loss": 0.13641436398029327,
            "acc": 0.9572538137435913
        },
        "epoch": {
            "loss": 0.13921113312244415,
            "acc": 0.9569900631904602
        }
    },
    "epoch": 7,
    "step": 290,
    "val": {
        "step": {
            "loss": 0.13963600993156433,
            "acc": 0.9575265049934387
        },
        "epoch": {
            "loss": 0.1413804143667221,
            "acc": 0.9563278555870056
        }
    }
}