{
    "train": {
        "step": {
            "loss": 0.14153634011745453,
            "acc": 0.9566918015480042
        },
        "epoch": {
            "loss": 0.14978057146072388,
            "acc": 0.9541274309158325
        }
    },
    "epoch": 4,
    "step": 649,
    "val": {
        "step": {
            "loss": 0.15704673528671265,
            "acc": 0.9521011114120483
        },
        "epoch": {
            "loss": 0.14897044003009796,
            "acc": 0.9546704888343811
        }
    }
}