{
    "train": {
        "step": {
            "loss": 0.13322874903678894,
            "acc": 0.9591346383094788
        },
        "epoch": {
            "loss": 0.13729017972946167,
            "acc": 0.9575071334838867
        }
    },
    "epoch": 8,
    "step": 327,
    "val": {
        "step": {
            "loss": 0.13345244526863098,
            "acc": 0.9585336446762085
        },
        "epoch": {
            "loss": 0.13917413353919983,
            "acc": 0.9570255875587463
        }
    }
}