{
    "train": {
        "step": {
            "loss": 0.13555045425891876,
            "acc": 0.9581274390220642
        },
        "epoch": {
            "loss": 0.13921113312244415,
            "acc": 0.9569900631904602
        }
    },
    "epoch": 6,
    "step": 1098,
    "val": {
        "step": {
            "loss": 0.1490831822156906,
            "acc": 0.9540598392486572
        },
        "epoch": {
            "loss": 0.1413804143667221,
            "acc": 0.9563278555870056
        }
    }
}