{
    "train": {
        "step": {
            "loss": 0.15126949548721313,
            "acc": 0.9542990922927856
        },
        "epoch": {
            "loss": 0.15723782777786255,
            "acc": 0.9520758986473083
        }
    },
    "epoch": 2,
    "step": 470,
    "val": {
        "step": {
            "loss": 0.16210666298866272,
            "acc": 0.9509437084197998
        },
        "epoch": {
            "loss": 0.15385839343070984,
            "acc": 0.9530829191207886
        }
    }
}