{
    "train": {
        "step": {
            "loss": 0.13322874903678894,
            "acc": 0.9591346383094788
        },
        "epoch": {
            "loss": 0.13729017972946167,
            "acc": 0.9575071334838867
        }
    },
    "epoch": 8,
    "step": 339,
    "val": {
        "step": {
            "loss": 0.1377624273300171,
            "acc": 0.9574819803237915
        },
        "epoch": {
            "loss": 0.13917413353919983,
            "acc": 0.9570255875587463
        }
    }
}