{
    "train": {
        "step": {
            "loss": 0.1807853728532791,
            "acc": 0.9452679753303528
        }
    },
    "epoch": 0,
    "step": 156,
    "val": {
        "step": {
            "loss": 0.18873505294322968,
            "acc": 0.9447115659713745
        },
        "epoch": {
            "loss": 0.1795196682214737,
            "acc": 0.9463181495666504
        }
    }
}