{
    "train": {
        "step": {
            "loss": 0.1807853728532791,
            "acc": 0.9452679753303528
        }
    },
    "epoch": 0,
    "step": 31,
    "val": {
        "step": {
            "loss": 0.18233779072761536,
            "acc": 0.9453458786010742
        }
    }
}