{
    "train": {
        "step": {
            "loss": 0.13641436398029327,
            "acc": 0.9572538137435913
        },
        "epoch": {
            "loss": 0.13921113312244415,
            "acc": 0.9569900631904602
        }
    },
    "epoch": 7,
    "step": 299,
    "val": {
        "step": {
            "loss": 0.14196035265922546,
            "acc": 0.9560741782188416
        },
        "epoch": {
            "loss": 0.1413804143667221,
            "acc": 0.9563278555870056
        }
    }
}