{
    "train": {
        "step": {
            "loss": 0.2524879574775696,
            "acc": 0.9301437735557556
        },
        "epoch": {
            "loss": 0.2607426941394806,
            "acc": 0.927955150604248
        }
    },
    "epoch": 1,
    "step": 313,
    "val": {
        "loss": 0.24487438797950745,
        "acc": 0.9321476817131042
    }
}