{
    "train": {
        "step": {
            "loss": 0.1807853728532791,
            "acc": 0.9452679753303528
        }
    },
    "epoch": 0,
    "step": 7,
    "val": {
        "step": {
            "loss": 0.17606501281261444,
            "acc": 0.9471543431282043
        }
    }
}