{
    "train": {
        "step": {
            "loss": 0.1897067278623581,
            "acc": 0.9440827369689941
        }
    },
    "epoch": 0,
    "step": 99
}