{
    "train": {
        "step": {
            "loss": 0.15164519846439362,
            "acc": 0.953492283821106
        },
        "epoch": {
            "loss": 0.15164519846439362,
            "acc": 0.953492283821106
        }
    },
    "epoch": 5,
    "step": 785,
    "val": {
        "step": {
            "loss": 0.15791095793247223,
            "acc": 0.9525462985038757
        },
        "epoch": {
            "loss": 0.14786356687545776,
            "acc": 0.9549577832221985
        }
    }
}