{
    "train": {
        "step": {
            "loss": 0.1807853728532791,
            "acc": 0.9452679753303528
        }
    },
    "epoch": 0,
    "step": 25,
    "val": {
        "step": {
            "loss": 0.17534320056438446,
            "acc": 0.947822093963623
        }
    }
}