{
    "train": {
        "step": {
            "loss": 0.14348874986171722,
            "acc": 0.9561687707901001
        },
        "epoch": {
            "loss": 0.14733390510082245,
            "acc": 0.9548459649085999
        }
    },
    "epoch": 4,
    "step": 690,
    "val": {
        "step": {
            "loss": 0.15367431938648224,
            "acc": 0.9523682594299316
        },
        "epoch": {
            "loss": 0.1462656855583191,
            "acc": 0.9552003145217896
        }
    }
}