{
    "train": {
        "step": {
            "loss": 0.14981336891651154,
            "acc": 0.9542935490608215
        },
        "epoch": {
            "loss": 0.14981336891651154,
            "acc": 0.9542935490608215
        }
    },
    "epoch": 5,
    "step": 785,
    "val": {
        "step": {
            "loss": 0.15570960938930511,
            "acc": 0.9516559839248657
        },
        "epoch": {
            "loss": 0.14582793414592743,
            "acc": 0.9550676941871643
        }
    }
}