{
    "train": {
        "step": {
            "loss": 0.14710581302642822,
            "acc": 0.9547665119171143
        },
        "epoch": {
            "loss": 0.14978057146072388,
            "acc": 0.9541274309158325
        }
    },
    "epoch": 3,
    "step": 627,
    "val": {
        "step": {
            "loss": 0.15704673528671265,
            "acc": 0.9521011114120483
        },
        "epoch": {
            "loss": 0.14897044003009796,
            "acc": 0.9546704888343811
        }
    }
}