{
    "train": {
        "step": {
            "loss": 0.1807853728532791,
            "acc": 0.9452679753303528
        }
    },
    "epoch": 0,
    "step": 18,
    "val": {
        "step": {
            "loss": 0.18117983639240265,
            "acc": 0.9456241130828857
        }
    }
}