{
    "train": {
        "step": {
            "loss": 0.24885645508766174,
            "acc": 0.055024612694978714
        },
        "epoch": {
            "loss": 0.25343018770217896,
            "acc": 0.04961168020963669
        }
    },
    "epoch": 1,
    "step": 313,
    "val": {
        "loss": 0.2428794503211975,
        "acc": 0.056971870362758636
    }
}