{
    "val": {
        "loss": 0.6388349533081055,
        "acc": 0.015147063881158829
    },
    "epoch": 2,
    "step": 23,
    "train": {
        "epoch": {
            "loss": 0.6628868579864502,
            "acc": 0.01168396882712841
        }
    }
}
