{
    "train": {
        "step": {
            "loss": 0.1807853728532791,
            "acc": 0.9452679753303528
        }
    },
    "epoch": 0,
    "step": 9,
    "val": {
        "step": {
            "loss": 0.18109838664531708,
            "acc": 0.9459913372993469
        }
    }
}