{
    "train": {
        "step": {
            "loss": 0.1807853728532791,
            "acc": 0.9452679753303528
        }
    },
    "epoch": 0,
    "step": 4,
    "val": {
        "step": {
            "loss": 0.17466603219509125,
            "acc": 0.9478610157966614
        }
    }
}