{
    "train": {
        "step": {
            "loss": 0.1807853728532791,
            "acc": 0.9452679753303528
        }
    },
    "epoch": 0,
    "step": 14,
    "val": {
        "step": {
            "loss": 0.1775454729795456,
            "acc": 0.9465978741645813
        }
    }
}