{
    "train": {
        "step": {
            "loss": 0.1807853728532791,
            "acc": 0.9452679753303528
        }
    },
    "epoch": 0,
    "step": 33,
    "val": {
        "step": {
            "loss": 0.1780230551958084,
            "acc": 0.9463140964508057
        }
    }
}