{
    "train": {
        "step": {
            "loss": 0.1807853728532791,
            "acc": 0.9452679753303528
        }
    },
    "epoch": 0,
    "step": 38,
    "val": {
        "step": {
            "loss": 0.18506094813346863,
            "acc": 0.9447504878044128
        }
    }
}