{
    "val": {
        "loss": 0.7223466634750366,
        "acc": 0.010976005345582962
    },
    "epoch": 1,
    "step": 15,
    "train": {
        "epoch": {
            "loss": 0.7734427452087402,
            "acc": 0.012596314772963524
        }
    }
}
