{
    "train": {
        "step": {
            "loss": 0.25993430614471436,
            "acc": 0.9277677536010742
        },
        "epoch": {
            "loss": 0.2659093141555786,
            "acc": 0.9280187487602234
        }
    },
    "epoch": 1,
    "step": 313,
    "val": {
        "loss": 0.25329530239105225,
        "acc": 0.9294008612632751
    }
}