step	custom_acc
0	0.8373239636421204
1	0.814084529876709
