step	custom_loss
0	0.5414295792579651
1	0.6450170874595642
