step	train/accuracy
0	0.9325563907623291
1	0.9541599750518799
