step	train/accuracy
0	0.7319915294647217
1	0.7483707666397095
2	0.7666143774986267
3	0.7892457842826843
4	0.8048453330993652
5	0.815233051776886
6	0.8219046592712402
7	0.8282224535942078
8	0.8336652517318726
9	0.83866947889328
