step	train/loss
0	0.2499283403158188
1	0.1521604061126709
