step	train/loss
0	1.2114018201828003
1	0.9386376738548279
2	0.8449321985244751
3	0.7597760558128357
4	0.6864429712295532
5	0.6373912692070007
6	0.607936441898346
7	0.5834580659866333
8	0.5641714334487915
9	0.5461226105690002
