step	acc
49	0.8468614816665649
99	0.8772997856140137
149	0.8724296689033508
199	0.886904776096344
249	0.8709415793418884
299	0.8787878751754761
349	0.8833874464035034
399	0.8862283825874329
449	0.8743236064910889
499	0.8827110528945923
549	0.8831169009208679
599	0.8809523582458496
649	0.8764880895614624
699	0.8728355169296265
749	0.887445867061615
799	0.888798713684082
