step	acc
49	0.8471320271492004
99	0.8739177584648132
149	0.8724296689033508
199	0.883793294429779
249	0.8695887327194214
299	0.8787878751754761
349	0.8820346593856812
399	0.8856872320175171
449	0.8741883039474487
499	0.882440447807312
549	0.8802759647369385
599	0.8825757503509521
649	0.8724296689033508
699	0.880005419254303
749	0.8863636255264282
799	0.8933982849121094
