step	acc
49	0.8522727489471436
99	0.8866341710090637
149	0.8816288113594055
199	0.8913690447807312
249	0.8831169009208679
299	0.8935335278511047
349	0.8928571343421936
399	0.8946158289909363
449	0.8867694735527039
499	0.8944805264472961
549	0.8904221057891846
599	0.8965097665786743
649	0.887445867061615
699	0.887445867061615
749	0.8998917937278748
799	0.9024621248245239
