step	acc
49	0.8356330990791321
99	0.8651244640350342
149	0.8597131967544556
199	0.8743236064910889
249	0.8587662577629089
299	0.868100643157959
349	0.8701298832893372
399	0.8728355169296265
449	0.8635010719299316
499	0.8702651262283325
549	0.869994580745697
599	0.8713474273681641
649	0.8595778942108154
699	0.8605248928070068
749	0.8691828846931458
799	0.8778409361839294
