step	acc
49	0.8483495712280273
99	0.8802759647369385
149	0.8779761791229248
199	0.8882575631141663
249	0.8778409361839294
299	0.8905573487281799
349	0.8892045617103577
399	0.8890692591667175
449	0.8797348737716675
499	0.8900162577629089
549	0.8866341710090637
599	0.8867694735527039
649	0.8791937232017517
699	0.8844696879386902
749	0.8932629823684692
799	0.896239161491394
