step	acc
49	0.8432088494300842
99	0.8720238208770752
149	0.8674242496490479
199	0.8814935088157654
249	0.8674242496490479
299	0.8720238208770752
349	0.8762175440788269
399	0.8785173296928406
449	0.869453489780426
499	0.8756763935089111
549	0.875
599	0.8732413649559021
649	0.8702651262283325
699	0.8702651262283325
749	0.8794642686843872
799	0.8843344449996948
