step	acc
49	0.8490259647369385
99	0.8827110528945923
149	0.8760822415351868
199	0.8883928656578064
249	0.8808171153068542
299	0.8879870176315308
349	0.8905573487281799
399	0.8898809552192688
449	0.882440447807312
499	0.8908278942108154
549	0.8870400190353394
599	0.8897456526756287
649	0.8820346593856812
699	0.8885281682014465
749	0.8944805264472961
799	0.9001623392105103
