step	acc
49	0.8547077775001526
99	0.8836579918861389
149	0.8786525726318359
199	0.8902868032455444
249	0.8810876607894897
299	0.8904221057891846
349	0.8927218317985535
399	0.8906926512718201
449	0.8827110528945923
499	0.8948863744735718
549	0.8882575631141663
599	0.8940746784210205
649	0.8856872320175171
699	0.8875811696052551
749	0.8958333134651184
799	0.8998917937278748
