step	loss
49	0.6431761384010315
99	0.5060933828353882
149	0.5178386569023132
199	0.46670448780059814
249	0.5240868330001831
299	0.5007371306419373
349	0.4844837188720703
399	0.4615941643714905
449	0.5014557838439941
499	0.47919192910194397
549	0.4663110375404358
599	0.471971333026886
649	0.5024963021278381
699	0.4964589774608612
749	0.4707489311695099
799	0.4414725601673126
