step	loss
49	0.5275102853775024
99	0.4216324985027313
149	0.42864862084388733
199	0.3857182562351227
249	0.4343368709087372
299	0.40973177552223206
349	0.3920799493789673
399	0.3772985339164734
449	0.4126783311367035
499	0.3859573006629944
549	0.3917943239212036
599	0.3839147388935089
649	0.42201241850852966
699	0.3874191343784332
749	0.38253435492515564
799	0.35246050357818604
