step	loss
49	0.5103325247764587
99	0.4004349410533905
149	0.4130721092224121
199	0.3653310239315033
249	0.3987326920032501
299	0.37395021319389343
349	0.36325421929359436
399	0.35816845297813416
449	0.3898446261882782
499	0.36461567878723145
549	0.3684420883655548
599	0.36103853583335876
649	0.3948174715042114
699	0.37179961800575256
749	0.36048346757888794
799	0.33946430683135986
