step	loss
49	0.5741070508956909
99	0.46719440817832947
149	0.47931352257728577
199	0.4309965968132019
249	0.48355531692504883
299	0.45903024077415466
349	0.43591007590293884
399	0.4243258535861969
449	0.46276700496673584
499	0.4411584138870239
549	0.436332106590271
599	0.4348005950450897
649	0.4732874631881714
699	0.452146053314209
749	0.44208845496177673
799	0.404496431350708
