step	loss
49	0.5317003130912781
99	0.4150841236114502
149	0.4318687617778778
199	0.3832772970199585
249	0.42784789204597473
299	0.4064446985721588
349	0.38963255286216736
399	0.37990570068359375
449	0.4116571247577667
499	0.39057183265686035
549	0.38870900869369507
599	0.3858855068683624
649	0.41753271222114563
699	0.39726442098617554
749	0.38964617252349854
799	0.36258140206336975
