step	loss
49	0.49640515446662903
99	0.39163586497306824
149	0.40158000588417053
199	0.3590591847896576
249	0.38913023471832275
299	0.370111346244812
349	0.3497944176197052
399	0.3424268066883087
449	0.3753173351287842
499	0.3483874797821045
549	0.35773760080337524
599	0.34343644976615906
649	0.37159645557403564
699	0.35405218601226807
749	0.34697258472442627
799	0.3269146978855133
