step	loss
49	0.5420872569084167
99	0.44153815507888794
149	0.45466795563697815
199	0.40640968084335327
249	0.45255643129348755
299	0.4307287335395813
349	0.4154594838619232
399	0.40083587169647217
449	0.43574848771095276
499	0.413543164730072
549	0.4087369740009308
599	0.411599338054657
649	0.4458726942539215
699	0.4198427200317383
749	0.41316431760787964
799	0.3861831724643707
