step	loss
49	0.5084501504898071
99	0.3964037001132965
149	0.4125484228134155
199	0.36430230736732483
249	0.3975766897201538
299	0.3780626952648163
349	0.3626260459423065
399	0.3563377559185028
449	0.3842758536338806
499	0.35807645320892334
549	0.3656201958656311
599	0.3564789891242981
649	0.3877889811992645
699	0.36499932408332825
749	0.35612452030181885
799	0.32921817898750305
